epoch,time,train/box_loss,train/cls_loss,train/dfl_loss,metrics/precision(B),metrics/recall(B),metrics/mAP50(B),metrics/mAP50-95(B),val/box_loss,val/cls_loss,val/dfl_loss,lr/pg0,lr/pg1,lr/pg2
1,9746.42,1.02175,2.58552,1.30611,0.58701,0.5721,0.57825,0.39725,1.00023,2.00644,1.25692,0.000138795,0.000138795,0.000138795
2,14152,1.05311,1.86161,1.33017,0.54777,0.55586,0.52502,0.3407,1.08544,1.74998,1.32863,0.000264044,0.000264044,0.000264044
3,18547.8,1.0825,1.78915,1.34755,0.55888,0.52791,0.52618,0.33365,1.11383,1.64429,1.34858,0.000375532,0.000375532,0.000375532
4,22906,1.07981,1.70302,1.34636,0.58926,0.54722,0.56707,0.36977,1.07821,1.47692,1.31081,0.000355076,0.000355076,0.000355076
5,27362.8,1.05735,1.59381,1.32348,0.61226,0.53315,0.57358,0.38269,1.07356,1.44345,1.29991,0.000334434,0.000334434,0.000334434
