{
    "Baseline": {
        "T1_Eval": {
            "map50": 0.6528898116114178,
            "map50-95": 0.44471523103108157,
            "precision": 0.6880646325940887,
            "recall": 0.6002768090509364
        },
        "T2_Eval": null
    },
    "Naive": {
        "T1_Eval": {
            "map50": 0.1336985289593922,
            "map50-95": 0.07017525812930574,
            "precision": 0.2512962962962963,
            "recall": 0.021685191160355673
        },
        "T2_Eval": {
            "map50": 0.6405388336108837,
            "map50-95": 0.4531439914498382,
            "precision": 0.6646057589148627,
            "recall": 0.6087013064724163
        },
        "Forgetting": 0.5191912826520256
    },
    "Continual": {
        "T1_Eval": {
            "map50": 0.5056418283359435,
            "map50-95": 0.36111476994818437,
            "precision": 0.7112046160104889,
            "recall": 0.42812124010262875
        },
        "T2_Eval": {
            "map50": 0.7098426042189063,
            "map50-95": 0.5239767961052957,
            "precision": 0.732971977187391,
            "recall": 0.6459598805113973
        },
        "Forgetting": 0.14724798327547428
    }
}